first_name,last_name,quality,would_take_again,difficulty,accessible,amazing_lectures,pop_quizzes,caring,clear_grading,extra_credit,lots_readings,good_feedback,graded_few_things,group_projects,hilarious,inspirational,lectures_heavy,lots_homework,participation_matters,respected,cant_skip_class,many_papers,test_heavy,tough_grader
Jose,Colon-Soto,4.7,NA,1.7,0,0,0,0,0,0,0,0,0,0,0,0,0,0,0,0,0,0,0,0
Elizabeth,Nicoli-Suco,4.2,82,2.5,0,1,0,3,13,0,0,3,0,0,2,1,0,7,0,2,1,0,0,1
Maria,Romero-Solano,1.5,NA,5,0,0,0,0,0,0,0,0,0,0,0,0,0,0,0,0,0,0,0,0
Nadir,Saad,4.4,83,2.1,0,0,0,4,2,1,0,4,2,0,2,0,0,3,1,4,1,0,1,2
El Hassan,Saadioui,4.3,NA,2.3,0,0,0,1,0,0,0,0,0,0,0,1,0,0,0,1,0,0,0,0
Christian,Sabau,4.5,100,1.9,2,2,0,3,4,16,0,1,1,0,1,1,0,6,0,3,1,0,0,1
Alberto,Sabogal,4.7,NA,1.5,0,0,0,0,0,0,0,0,0,0,0,0,0,0,0,0,0,0,0,0
Sayed,Sadati,4,NA,2.1,0,0,0,0,0,0,0,0,0,0,1,0,0,0,0,0,0,0,0,0
Rickhi,Saisnath,2.1,18,4.2,2,0,0,1,0,0,1,0,1,0,1,1,5,6,5,0,6,0,3,12
Abdel Rida,Saleh,2.8,64,3.2,1,0,2,1,7,3,0,3,0,0,1,0,4,7,4,3,5,0,1,2
Abed,Saleh,4.5,NA,2.2,0,1,1,0,1,1,0,1,1,0,0,0,0,2,2,2,0,0,0,0
Horacio,Salgado,4.8,100,2.4,7,2,0,6,6,0,1,8,1,0,11,5,0,1,0,6,2,0,0,1
George,Samani,2.8,67,3.4,1,8,1,12,6,6,0,10,2,0,2,4,3,3,5,9,11,0,5,19
Trinidad,Samaniego,4.2,NA,2.3,0,0,0,5,0,0,0,4,0,0,0,1,0,1,0,4,1,0,0,0
Vanessa,Samaniego,4.2,NA,2,0,0,0,0,0,0,0,0,0,0,0,0,0,0,0,0,0,0,0,0
Luis,Samuell,3,50,4.2,1,1,1,0,1,3,0,1,1,0,0,0,1,1,0,3,0,0,2,2
Victor,Samuels,3.1,29,3.2,0,0,0,1,0,0,0,0,1,0,0,0,3,4,0,0,3,0,2,6
Iliana,San-Martin,2.5,NA,2.8,0,0,0,0,0,0,0,0,0,0,0,0,0,0,0,0,0,0,0,0
Candido,Sanchez,4.1,NA,2.9,0,0,0,0,0,0,0,0,0,0,0,0,0,0,0,0,0,0,0,0
Milagros,Sanchez,4.6,NA,2,0,0,0,0,0,0,0,0,0,0,0,0,0,0,0,0,0,0,0,0
