first_name,last_name,quality,would_take_again,difficulty,accessible,amazing_lectures,pop_quizzes,caring,clear_grading,extra_credit,lots_readings,good_feedback,graded_few_things,group_projects,hilarious,inspirational,lectures_heavy,lots_homework,participation_matters,respected,cant_skip_class,many_papers,test_heavy,tough_grader
Robert,Edmond,5,NA,1,0,0,0,0,0,0,0,0,0,0,0,0,0,0,0,0,0,0,0,0
Joseph,Edvore,2.7,NA,2.9,0,0,0,0,2,0,0,0,0,0,2,0,0,2,0,0,0,0,0,0
Okah,Efua,4.2,NA,2.3,0,0,0,2,0,0,0,1,0,0,0,0,1,0,2,0,1,0,0,2
Abdalla,Elusta,4.7,100,2.4,2,3,0,4,6,1,0,2,0,0,3,1,0,0,0,1,2,0,0,0
Lourdes,Espana,4.3,81,1.9,2,4,1,10,6,16,0,4,0,1,1,0,0,4,1,7,5,0,1,1
Suzie,Espana,3.8,NA,2.2,0,0,0,0,0,0,0,0,0,0,0,0,0,0,0,0,0,0,0,0
Mario,Espina,4.1,NA,2,0,0,0,0,0,1,0,1,2,0,0,0,0,1,0,1,0,0,0,2
Pedro,Espina,2.6,46,3.8,2,1,0,0,3,0,0,3,4,0,0,0,2,3,0,1,2,0,1,7
Yanilda,Espinal,3.3,53,3.1,1,7,0,1,9,0,1,3,1,0,3,0,1,17,1,2,11,0,5,18
Yolanda,Espinal,1.5,NA,4.5,0,0,0,0,0,0,0,0,0,0,0,0,0,0,0,0,1,0,0,1
Reynaldo,Espineira,4.8,NA,1.5,1,1,0,2,0,0,0,3,0,0,0,0,0,0,0,3,0,0,0,0
David,Espinosa,5,NA,3,0,0,0,0,0,0,0,0,0,0,0,0,0,0,0,0,0,0,0,0
Kyle,Evans-Lee,4.6,NA,2.9,0,1,0,1,2,0,0,0,0,0,0,0,1,4,0,0,5,0,0,0
Milca,Exantus,5,NA,1,0,0,0,0,0,0,0,0,0,0,0,0,0,0,0,0,0,0,0,0
Odixa,Perez-Estanquero,4.7,NA,1.3,0,0,0,0,0,0,0,0,0,0,0,0,0,0,0,0,0,0,0,0
