first_name,last_name,quality,would_take_again,difficulty,accessible,amazing_lectures,pop_quizzes,caring,clear_grading,extra_credit,lots_readings,good_feedback,graded_few_things,group_projects,hilarious,inspirational,lectures_heavy,lots_homework,participation_matters,respected,cant_skip_class,many_papers,test_heavy,tough_grader
Patsy,Dieguez-Lopez,2.4,NA,3.8,0,0,0,0,0,0,0,0,0,0,0,0,0,0,0,0,0,0,0,0
Marta,Fernandez-Lopez,5,NA,2,0,0,0,1,1,0,0,0,0,0,0,0,0,0,0,0,1,0,0,0
Eddy,Jean-Louis,2.1,NA,3,0,0,0,0,0,0,0,0,0,0,0,0,6,2,0,1,0,1,2,4
Louis,Lacroix,4,NA,2,0,0,0,0,0,0,0,0,0,0,0,0,0,0,0,0,0,0,0,0
Chrisnel,Lamy,1.3,NA,4.6,0,0,1,0,0,0,0,0,0,0,0,0,4,6,0,0,3,0,1,5
Jennifer,Landford,5,NA,1.7,0,0,0,0,0,0,0,0,0,0,0,0,0,0,0,0,0,0,0,0
Christopher,Langdon,5,NA,1.5,0,1,0,1,1,0,0,0,0,0,0,0,0,0,0,0,1,0,0,0
Edward,Lasoff,1.9,NA,4,0,0,0,0,0,0,0,0,0,0,0,0,0,0,0,0,0,0,0,0
Galindo,Laura,4.5,91,2.7,9,12,0,25,6,8,0,9,2,2,5,5,4,10,6,8,10,0,1,3
Cherubin,Laurent,1,NA,5,0,0,0,0,0,0,0,0,0,0,0,0,0,0,0,0,0,0,0,0
Peter,Lawrence,3.6,NA,3.4,0,0,0,0,0,0,0,0,0,0,0,0,0,0,0,0,0,0,0,0
Ferrer,Lazara,3.9,50,2.1,1,0,1,0,2,0,0,0,1,0,0,0,0,4,0,2,1,0,0,0
Jennifer,Ledford,4.8,NA,1.5,0,0,0,0,0,0,0,0,0,0,0,0,0,0,0,0,0,0,0,0
Teresita,Lemus,2.8,NA,3.9,0,0,0,3,1,0,0,1,0,0,1,0,0,2,0,1,1,0,0,0
Hector,Leon,3.2,NA,4.2,1,1,0,2,0,0,0,0,1,0,0,0,2,2,0,0,5,0,1,3
Julio,Leon,4.8,NA,1.8,0,0,0,3,1,0,0,1,0,0,5,0,0,2,0,0,1,0,0,0
Onel,Leon,4.9,NA,1.5,0,0,0,0,0,1,0,0,0,0,1,1,0,0,1,1,0,0,0,1
Robert,Leshin,5,NA,1,0,0,0,0,0,0,0,0,0,0,0,0,0,0,0,0,0,0,0,0
