first_name,last_name,quality,would_take_again,difficulty,accessible,amazing_lectures,pop_quizzes,caring,clear_grading,extra_credit,lots_readings,good_feedback,graded_few_things,group_projects,hilarious,inspirational,lectures_heavy,lots_homework,participation_matters,respected,cant_skip_class,many_papers,test_heavy,tough_grader
Raysuri,Zaiter Ciccone,2.4,33,4,0,1,0,0,1,1,0,0,0,0,0,1,3,1,1,1,5,0,3,3
Ibrahim,Zakkour,2.6,NA,3.5,0,0,0,0,0,0,0,0,0,0,0,0,2,2,1,0,0,0,0,1
Elizabeth,Zaldivar,4.4,NA,2,0,0,0,0,0,0,0,0,0,0,0,0,0,0,0,0,0,0,0,0
Duval,Zephirin,3.3,71,3.1,0,2,1,4,1,6,0,4,0,0,0,1,2,4,1,2,3,1,1,7
Wei,Zhao,3.8,NA,4,0,0,0,0,0,0,0,0,0,0,0,0,0,0,0,0,0,0,0,0
John,Zito,3,NA,1.8,0,0,0,0,0,0,0,0,0,0,0,0,0,0,0,0,0,0,0,0
Andres,Zurita,5,NA,1,0,0,0,0,0,0,0,0,0,0,0,0,0,0,0,0,0,0,0,0
